ctt,eid,rdt,ttl,ift,ser,at,anm,acd,cod,mag,maxi,json,en_ttl,en_anm
20250919095447,20250919095156,2025-09-19T09:54:00+09:00,震源・震度情報,発表,1,2025-09-19T09:51:00+09:00,トカラ列島近海,798,+29.6+129.7-10000/,2.7,1,20250919095447_20250919095156_VXSE5k_1.json,Earthquake and Seismic Intensity Information,Adjacent Sea of Tokara Islands
20250919094953,20250919094701,2025-09-19T09:49:00+09:00,震源・震度情報,発表,1,2025-09-19T09:47:00+09:00,トカラ列島近海,798,+29.5+129.9+0/,2.0,1,20250919094953_20250919094701_VXSE5k_1.json,Earthquake and Seismic Intensity Information,Adjacent Sea of Tokara Islands
20250919093718,20250919093429,2025-09-19T09:37:00+09:00,震源・震度情報,発表,1,2025-09-19T09:34:00+09:00,トカラ列島近海,798,+29.6+129.7+0/,2.7,2,20250919093718_20250919093429_VXSE5k_1.json,Earthquake and Seismic Intensity Information,Adjacent Sea of Tokara Islands
20250919092302,20250919091954,2025-09-19T09:23:00+09:00,震源・震度情報,発表,1,2025-09-19T09:19:00+09:00,トカラ列島近海,798,+29.6+129.8-10000/,3.0,2,20250919092302_20250919091954_VXSE5k_1.json,Earthquake and Seismic Intensity Information,Adjacent Sea of Tokara Islands
20250919091709,20250919091330,2025-09-19T09:17:00+09:00,震源・震度情報,発表,1,2025-09-19T09:13:00+09:00,トカラ列島近海,798,+29.6+129.7+0/,2.0,1,20250919091709_20250919091330_VXSE5k_1.json,Earthquake and Seismic Intensity Information,Adjacent Sea of Tokara Islands
20250919091437,20250919091007,2025-09-19T09:14:00+09:00,震源・震度情報,発表,1,2025-09-19T09:10:00+09:00,トカラ列島近海,798,+29.8+130.0-10000/,3.4,4,20250919091437_20250919091007_VXSE5k_1.json,Earthquake and Seismic Intensity Information,Adjacent Sea of Tokara Islands
20250919091349,20250919091007,2025-09-19T09:13:00+09:00,震源に関する情報,発表,0,2025-09-19T09:10:00+09:00,トカラ列島近海,798,+29.8+130.0-10000/,3.4,,20250919091349_20250919091007_VXSE52_0.json,Earthquake Information,Adjacent Sea of Tokara Islands
20250919091212,20250919091007,2025-09-19T09:12:00+09:00,震度速報,発表,0,2025-09-19T09:10:00+09:00,,,,,4,20250919091212_20250919091007_VXSE51_0.json,Seismic Intensity Information,
20250919083912,20250919083622,2025-09-19T08:39:00+09:00,震源・震度情報,発表,1,2025-09-19T08:36:00+09:00,茨城県北部,300,+36.8+140.6-10000/,2.8,1,20250919083912_20250919083622_VXSE5k_1.json,Earthquake and Seismic Intensity Information,Northern Ibaraki Prefecture
20250919082157,20250919081906,2025-09-19T08:21:00+09:00,震源・震度情報,発表,1,2025-09-19T08:19:00+09:00,トカラ列島近海,798,+29.6+129.8-10000/,2.3,1,20250919082157_20250919081906_VXSE5k_1.json,Earthquake and Seismic Intensity Information,Adjacent Sea of Tokara Islands
20250919081740,20250919081249,2025-09-19T08:17:00+09:00,震源・震度情報,発表,1,2025-09-19T08:12:00+09:00,トカラ列島近海,798,+29.6+129.8+0/,2.4,1,20250919081740_20250919081249_VXSE5k_1.json,Earthquake and Seismic Intensity Information,Adjacent Sea of Tokara Islands
20250919081450,20250919081143,2025-09-19T08:14:00+09:00,震源・震度情報,発表,1,2025-09-19T08:11:00+09:00,トカラ列島近海,798,+29.6+129.8+0/,3.5,4,20250919081450_20250919081143_VXSE5k_1.json,Earthquake and Seismic Intensity Information,Adjacent Sea of Tokara Islands
20250919081143,20250919080748,2025-09-19T08:11:00+09:00,震源・震度情報,発表,1,2025-09-19T08:07:00+09:00,トカラ列島近海,798,+29.6+129.9+0/,3.6,3,20250919081143_20250919080748_VXSE5k_1.json,Earthquake and Seismic Intensity Information,Adjacent Sea of Tokara Islands
20250919081100,20250919080748,2025-09-19T08:11:00+09:00,震源に関する情報,発表,0,2025-09-19T08:07:00+09:00,トカラ列島近海,798,+29.6+129.9+0/,3.6,,20250919081100_20250919080748_VXSE52_0.json,Earthquake Information,Adjacent Sea of Tokara Islands
20250919080932,20250919080748,2025-09-19T08:09:00+09:00,震度速報,発表,0,2025-09-19T08:07:00+09:00,,,,,3,20250919080932_20250919080748_VXSE51_0.json,Seismic Intensity Information,
20250919070204,20250919065843,2025-09-19T07:02:00+09:00,震源・震度情報,発表,1,2025-09-19T06:58:00+09:00,トカラ列島近海,798,+29.6+129.9+0/,2.0,1,20250919070204_20250919065843_VXSE5k_1.json,Earthquake and Seismic Intensity Information,Adjacent Sea of Tokara Islands
20250919062403,20250919062026,2025-09-19T06:24:00+09:00,震源・震度情報,発表,1,2025-09-19T06:20:00+09:00,トカラ列島近海,798,+29.6+129.8-10000/,2.1,1,20250919062403_20250919062026_VXSE5k_1.json,Earthquake and Seismic Intensity Information,Adjacent Sea of Tokara Islands
20250919042604,20250919040133,2025-09-19T04:26:00+09:00,遠地地震に関する情報,発表,1,2025-09-19T03:58:00+09:00,カムチャツカ半島付近,941,+53.0+160.8/,7.8,,20250919042604_20250919040133_VXSE5e_1.json,Distant Earthquake Information,Adjacent Kamchatka Peninsula
20250919034230,20250919033927,2025-09-19T03:42:00+09:00,震源・震度情報,発表,1,2025-09-19T03:39:00+09:00,千葉県東方沖,473,+35.5+141.0-30000/,4.4,1,20250919034230_20250919033927_VXSE5k_1.json,Earthquake and Seismic Intensity Information,Off the east Coast of Chiba Prefecture
20250919022708,20250919022411,2025-09-19T02:27:00+09:00,震源・震度情報,発表,1,2025-09-19T02:24:00+09:00,トカラ列島近海,798,+29.6+129.8+0/,2.5,2,20250919022708_20250919022411_VXSE5k_1.json,Earthquake and Seismic Intensity Information,Adjacent Sea of Tokara Islands
20250919020250,20250919020007,2025-09-19T02:02:00+09:00,震源・震度情報,発表,1,2025-09-19T02:00:00+09:00,トカラ列島近海,798,+29.6+129.7-10000/,2.0,1,20250919020250_20250919020007_VXSE5k_1.json,Earthquake and Seismic Intensity Information,Adjacent Sea of Tokara Islands
20250919014839,20250919014603,2025-09-19T01:48:00+09:00,震源・震度情報,発表,1,2025-09-19T01:46:00+09:00,トカラ列島近海,798,+29.6+129.8+0/,3.1,2,20250919014839_20250919014603_VXSE5k_1.json,Earthquake and Seismic Intensity Information,Adjacent Sea of Tokara Islands
20250919010732,20250919010450,2025-09-19T01:07:00+09:00,震源・震度情報,発表,1,2025-09-19T01:04:00+09:00,トカラ列島近海,798,+29.6+129.7-10000/,2.2,1,20250919010732_20250919010450_VXSE5k_1.json,Earthquake and Seismic Intensity Information,Adjacent Sea of Tokara Islands
20250919002655,20250919002403,2025-09-19T00:26:00+09:00,震源・震度情報,発表,1,2025-09-19T00:24:00+09:00,神奈川県東部,360,+35.5+139.6-70000/,3.3,1,20250919002655_20250919002403_VXSE5k_1.json,Earthquake and Seismic Intensity Information,Eastern Kanagawa Prefecture
20250918193738,20250918193403,2025-09-18T19:37:00+09:00,震源・震度情報,発表,1,2025-09-18T19:34:00+09:00,トカラ列島近海,798,+29.5+129.5-20000/,2.0,1,20250918193738_20250918193403_VXSE5k_1.json,Earthquake and Seismic Intensity Information,Adjacent Sea of Tokara Islands
20250918190948,20250918190655,2025-09-18T19:09:00+09:00,震源・震度情報,発表,1,2025-09-18T19:06:00+09:00,日向灘,791,+32.0+131.9-30000/,4.1,2,20250918190948_20250918190655_VXSE5k_1.json,Earthquake and Seismic Intensity Information,Hyuganada Sea
20250918183958,20250918183643,2025-09-18T18:39:00+09:00,震源・震度情報,発表,1,2025-09-18T18:36:00+09:00,トカラ列島近海,798,+29.7+129.6+0/,2.3,1,20250918183958_20250918183643_VXSE5k_1.json,Earthquake and Seismic Intensity Information,Adjacent Sea of Tokara Islands
20250918165105,20250918164828,2025-09-18T16:51:00+09:00,震源・震度情報,発表,1,2025-09-18T16:48:00+09:00,石川県能登地方,390,+37.2+136.8-10000/,2.3,1,20250918165105_20250918164828_VXSE5k_1.json,Earthquake and Seismic Intensity Information,"Noto, Ishikawa Prefecture"
20250918131352,20250918131046,2025-09-18T13:13:00+09:00,震源・震度情報,発表,1,2025-09-18T13:10:00+09:00,トカラ列島近海,798,+29.4+129.4-30000/,2.7,1,20250918131352_20250918131046_VXSE5k_1.json,Earthquake and Seismic Intensity Information,Adjacent Sea of Tokara Islands
20250918113841,20250918113534,2025-09-18T11:38:00+09:00,震源・震度情報,発表,1,2025-09-18T11:35:00+09:00,岩手県沿岸北部,210,+39.8+141.8-60000/,3.3,1,20250918113841_20250918113534_VXSE5k_1.json,Earthquake and Seismic Intensity Information,Northern Coast of Iwate Prefecture
20250918105852,20250918105552,2025-09-18T10:58:00+09:00,震源・震度情報,発表,1,2025-09-18T10:55:00+09:00,トカラ列島近海,798,+29.7+129.5-10000/,1.9,1,20250918105852_20250918105552_VXSE5k_1.json,Earthquake and Seismic Intensity Information,Adjacent Sea of Tokara Islands
20250918081923,20250918081539,2025-09-18T08:19:00+09:00,震源・震度情報,発表,1,2025-09-18T08:15:00+09:00,トカラ列島近海,798,+29.6+129.7-10000/,3.5,3,20250918081923_20250918081539_VXSE5k_1.json,Earthquake and Seismic Intensity Information,Adjacent Sea of Tokara Islands
20250918081822,20250918081539,2025-09-18T08:18:00+09:00,震源に関する情報,発表,0,2025-09-18T08:15:00+09:00,トカラ列島近海,798,+29.6+129.7-10000/,3.5,,20250918081822_20250918081539_VXSE52_0.json,Earthquake Information,Adjacent Sea of Tokara Islands
20250918081723,20250918081539,2025-09-18T08:17:00+09:00,震度速報,発表,0,2025-09-18T08:15:00+09:00,,,,,3,20250918081723_20250918081539_VXSE51_0.json,Seismic Intensity Information,
20250918055710,20250918055344,2025-09-18T05:57:00+09:00,震源・震度情報,発表,1,2025-09-18T05:53:00+09:00,トカラ列島近海,798,+29.6+129.8+0/,2.8,3,20250918055710_20250918055344_VXSE5k_1.json,Earthquake and Seismic Intensity Information,Adjacent Sea of Tokara Islands
20250918042819,20250918042443,2025-09-18T04:28:00+09:00,震源・震度情報,発表,1,2025-09-18T04:24:00+09:00,トカラ列島近海,798,+29.6+129.7+0/,2.0,1,20250918042819_20250918042443_VXSE5k_1.json,Earthquake and Seismic Intensity Information,Adjacent Sea of Tokara Islands
20250918034921,20250918034656,2025-09-18T03:49:00+09:00,震源・震度情報,発表,1,2025-09-18T03:46:00+09:00,日向灘,791,+32.0+131.9-30000/,3.5,1,20250918034921_20250918034656_VXSE5k_1.json,Earthquake and Seismic Intensity Information,Hyuganada Sea
20250918033730,20250918033514,2025-09-18T03:37:00+09:00,震源・震度情報,発表,1,2025-09-18T03:35:00+09:00,日向灘,791,+32.0+131.9-30000/,3.0,1,20250918033730_20250918033514_VXSE5k_1.json,Earthquake and Seismic Intensity Information,Hyuganada Sea
20250918022843,20250918022531,2025-09-18T02:28:00+09:00,震源・震度情報,発表,1,2025-09-18T02:25:00+09:00,トカラ列島近海,798,+29.6+129.8+0/,3.0,2,20250918022843_20250918022531_VXSE5k_1.json,Earthquake and Seismic Intensity Information,Adjacent Sea of Tokara Islands
20250918021301,20250918021015,2025-09-18T02:13:00+09:00,震源・震度情報,発表,1,2025-09-18T02:10:00+09:00,トカラ列島近海,798,+29.6+129.8+0/,1.9,1,20250918021301_20250918021015_VXSE5k_1.json,Earthquake and Seismic Intensity Information,Adjacent Sea of Tokara Islands
20250918020722,20250918020311,2025-09-18T02:07:00+09:00,震源・震度情報,発表,1,2025-09-18T02:03:00+09:00,トカラ列島近海,798,+29.6+129.7+0/,2.1,1,20250918020722_20250918020311_VXSE5k_1.json,Earthquake and Seismic Intensity Information,Adjacent Sea of Tokara Islands
20250918020600,20250918020212,2025-09-18T02:06:00+09:00,震源・震度情報,発表,1,2025-09-18T02:02:00+09:00,トカラ列島近海,798,+29.6+129.8+0/,2.1,1,20250918020600_20250918020212_VXSE5k_1.json,Earthquake and Seismic Intensity Information,Adjacent Sea of Tokara Islands
20250918020332,20250918020053,2025-09-18T02:03:00+09:00,震源・震度情報,発表,1,2025-09-18T02:00:00+09:00,トカラ列島近海,798,+29.6+129.8-10000/,2.9,2,20250918020332_20250918020053_VXSE5k_1.json,Earthquake and Seismic Intensity Information,Adjacent Sea of Tokara Islands
20250918015214,20250918014923,2025-09-18T01:52:00+09:00,震源・震度情報,発表,1,2025-09-18T01:49:00+09:00,トカラ列島近海,798,+29.9+130.0-10000/,2.3,1,20250918015214_20250918014923_VXSE5k_1.json,Earthquake and Seismic Intensity Information,Adjacent Sea of Tokara Islands
20250918002208,20250918001912,2025-09-18T00:22:00+09:00,震源・震度情報,発表,1,2025-09-18T00:19:00+09:00,トカラ列島近海,798,+29.9+129.6+0/,2.3,1,20250918002208_20250918001912_VXSE5k_1.json,Earthquake and Seismic Intensity Information,Adjacent Sea of Tokara Islands
20250918002026,20250918001701,2025-09-18T00:20:00+09:00,震源・震度情報,発表,1,2025-09-18T00:17:00+09:00,トカラ列島近海,798,+29.6+129.9+0/,2.7,2,20250918002026_20250918001701_VXSE5k_1.json,Earthquake and Seismic Intensity Information,Adjacent Sea of Tokara Islands
20250918001726,20250918001347,2025-09-18T00:17:00+09:00,震源・震度情報,発表,1,2025-09-18T00:13:00+09:00,トカラ列島近海,798,+29.6+129.9+0/,2.7,1,20250918001726_20250918001347_VXSE5k_1.json,Earthquake and Seismic Intensity Information,Adjacent Sea of Tokara Islands
20250918001534,20250918001202,2025-09-18T00:15:00+09:00,震源・震度情報,発表,1,2025-09-18T00:12:00+09:00,トカラ列島近海,798,+29.6+129.9+0/,2.5,1,20250918001534_20250918001202_VXSE5k_1.json,Earthquake and Seismic Intensity Information,Adjacent Sea of Tokara Islands
20250917235008,20250917215500,2025-09-17T23:50:00+09:00,顕著な地震の震源要素更新のお知らせ,発表,0,2025-09-17T21:55:00+09:00,トカラ列島近海,798,+2935.1+12943.1-1000/,4.7,,20250917235008_20250917215500_VXSE61_0.json,,Adjacent Sea of Tokara Islands
20250917233629,20250917233338,2025-09-17T23:36:00+09:00,震源・震度情報,発表,1,2025-09-17T23:33:00+09:00,トカラ列島近海,798,+29.6+129.8+0/,1.7,1,20250917233629_20250917233338_VXSE5k_1.json,Earthquake and Seismic Intensity Information,Adjacent Sea of Tokara Islands
20250917232618,20250917232304,2025-09-17T23:26:00+09:00,震源・震度情報,発表,1,2025-09-17T23:23:00+09:00,トカラ列島近海,798,+29.6+129.7+0/,2.6,2,20250917232618_20250917232304_VXSE5k_1.json,Earthquake and Seismic Intensity Information,Adjacent Sea of Tokara Islands
20250917231551,20250917231243,2025-09-17T23:15:00+09:00,震源・震度情報,発表,1,2025-09-17T23:12:00+09:00,トカラ列島近海,798,+29.6+129.8+0/,1.7,1,20250917231551_20250917231243_VXSE5k_1.json,Earthquake and Seismic Intensity Information,Adjacent Sea of Tokara Islands
20250917230054,20250917225803,2025-09-17T23:00:00+09:00,震源・震度情報,発表,1,2025-09-17T22:58:00+09:00,トカラ列島近海,798,+29.6+129.8+0/,1.8,1,20250917230054_20250917225803_VXSE5k_1.json,Earthquake and Seismic Intensity Information,Adjacent Sea of Tokara Islands
20250917224230,20250917223838,2025-09-17T22:42:00+09:00,震源・震度情報,発表,1,2025-09-17T22:38:00+09:00,トカラ列島近海,798,+29.6+129.8+0/,2.4,1,20250917224230_20250917223838_VXSE5k_1.json,Earthquake and Seismic Intensity Information,Adjacent Sea of Tokara Islands
20250917224053,20250917223430,2025-09-17T22:40:00+09:00,震源・震度情報,発表,1,2025-09-17T22:35:00+09:00,トカラ列島近海,798,+29.6+129.8+0/,2.3,2,20250917224053_20250917223430_VXSE5k_1.json,Earthquake and Seismic Intensity Information,Adjacent Sea of Tokara Islands
20250917223954,20250917223134,2025-09-17T22:39:00+09:00,震源・震度情報,発表,1,2025-09-17T22:31:00+09:00,トカラ列島近海,798,+29.6+129.8+0/,3.3,3,20250917223954_20250917223134_VXSE5k_1.json,Earthquake and Seismic Intensity Information,Adjacent Sea of Tokara Islands
20250917223639,20250917223101,2025-09-17T22:36:00+09:00,震源・震度情報,発表,1,2025-09-17T22:31:00+09:00,トカラ列島近海,798,+29.6+129.8+0/,2.8,3,20250917223639_20250917223101_VXSE5k_1.json,Earthquake and Seismic Intensity Information,Adjacent Sea of Tokara Islands
20250917223104,20250917222735,2025-09-17T22:31:00+09:00,震源・震度情報,発表,1,2025-09-17T22:27:00+09:00,トカラ列島近海,798,+29.6+129.7-10000/,3.5,3,20250917223104_20250917222735_VXSE5k_1.json,Earthquake and Seismic Intensity Information,Adjacent Sea of Tokara Islands
20250917223011,20250917222735,2025-09-17T22:30:00+09:00,震源に関する情報,発表,0,2025-09-17T22:27:00+09:00,トカラ列島近海,798,+29.6+129.7-10000/,3.5,,20250917223011_20250917222735_VXSE52_0.json,Earthquake Information,Adjacent Sea of Tokara Islands
20250917222919,20250917222735,2025-09-17T22:29:00+09:00,震度速報,発表,0,2025-09-17T22:27:00+09:00,,,,,3,20250917222919_20250917222735_VXSE51_0.json,Seismic Intensity Information,
20250917222442,20250917222124,2025-09-17T22:24:00+09:00,震源・震度情報,発表,1,2025-09-17T22:21:00+09:00,トカラ列島近海,798,+29.6+129.8-10000/,2.0,1,20250917222442_20250917222124_VXSE5k_1.json,Earthquake and Seismic Intensity Information,Adjacent Sea of Tokara Islands
20250917222224,20250917221751,2025-09-17T22:22:00+09:00,震源・震度情報,発表,1,2025-09-17T22:18:00+09:00,トカラ列島近海,798,+29.6+129.6-10000/,1.9,1,20250917222224_20250917221751_VXSE5k_1.json,Earthquake and Seismic Intensity Information,Adjacent Sea of Tokara Islands
20250917221953,20250917221623,2025-09-17T22:19:00+09:00,震源・震度情報,発表,1,2025-09-17T22:16:00+09:00,トカラ列島近海,798,+29.6+129.8+0/,2.6,2,20250917221953_20250917221623_VXSE5k_1.json,Earthquake and Seismic Intensity Information,Adjacent Sea of Tokara Islands
20250917221621,20250917221121,2025-09-17T22:16:00+09:00,震源・震度情報,発表,1,2025-09-17T22:12:00+09:00,トカラ列島近海,798,+29.6+129.7-10000/,3.0,3,20250917221621_20250917221121_VXSE5k_1.json,Earthquake and Seismic Intensity Information,Adjacent Sea of Tokara Islands
20250917220956,20250917220606,2025-09-17T22:09:00+09:00,震源・震度情報,発表,1,2025-09-17T22:06:00+09:00,トカラ列島近海,798,+29.6+129.7-10000/,3.4,3,20250917220956_20250917220606_VXSE5k_1.json,Earthquake and Seismic Intensity Information,Adjacent Sea of Tokara Islands
20250917220503,20250917220034,2025-09-17T22:05:00+09:00,震源・震度情報,発表,1,2025-09-17T22:00:00+09:00,トカラ列島近海,798,+29.6+129.7-10000/,4.7,4,20250917220503_20250917220034_VXSE5k_1.json,Earthquake and Seismic Intensity Information,Adjacent Sea of Tokara Islands
20250917220359,20250917215824,2025-09-17T22:03:00+09:00,震源・震度情報,発表,1,2025-09-17T21:58:00+09:00,トカラ列島近海,798,+29.7+129.6+0/,3.3,3,20250917220359_20250917215824_VXSE5k_1.json,Earthquake and Seismic Intensity Information,Adjacent Sea of Tokara Islands
20250917220106,20250917215500,2025-09-17T22:01:00+09:00,震源・震度情報,発表,1,2025-09-17T21:55:00+09:00,トカラ列島近海,798,+29.6+129.7+0/,4.7,5-,20250917220106_20250917215500_VXSE5k_1.json,Earthquake and Seismic Intensity Information,Adjacent Sea of Tokara Islands
20250917220008,20250917215500,2025-09-17T22:00:00+09:00,震源に関する情報,発表,0,2025-09-17T21:55:00+09:00,トカラ列島近海,798,+29.6+129.7+0/,4.7,,20250917220008_20250917215500_VXSE52_0.json,Earthquake Information,Adjacent Sea of Tokara Islands
20250917215602,20250917215332,2025-09-17T21:56:00+09:00,震度速報,発表,0,2025-09-17T21:53:00+09:00,,,,,5-,20250917215602_20250917215332_VXSE51_0.json,Seismic Intensity Information,
20250917215354,20250917215035,2025-09-17T21:53:00+09:00,震源・震度情報,発表,1,2025-09-17T21:50:00+09:00,トカラ列島近海,798,+29.6+129.7-10000/,3.0,3,20250917215354_20250917215035_VXSE5k_1.json,Earthquake and Seismic Intensity Information,Adjacent Sea of Tokara Islands
20250917215308,20250917215035,2025-09-17T21:53:00+09:00,震源に関する情報,発表,0,2025-09-17T21:50:00+09:00,トカラ列島近海,798,+29.6+129.7-10000/,3.0,,20250917215308_20250917215035_VXSE52_0.json,Earthquake Information,Adjacent Sea of Tokara Islands
20250917215220,20250917215035,2025-09-17T21:52:00+09:00,震度速報,発表,0,2025-09-17T21:50:00+09:00,,,,,3,20250917215220_20250917215035_VXSE51_0.json,Seismic Intensity Information,
20250917210733,20250917210428,2025-09-17T21:07:00+09:00,震源・震度情報,発表,1,2025-09-17T21:04:00+09:00,トカラ列島近海,798,+29.6+129.8+0/,2.5,2,20250917210733_20250917210428_VXSE5k_1.json,Earthquake and Seismic Intensity Information,Adjacent Sea of Tokara Islands
20250917210038,20250917205610,2025-09-17T21:00:00+09:00,震源・震度情報,発表,1,2025-09-17T20:56:00+09:00,トカラ列島近海,798,+29.6+129.8+0/,2.3,1,20250917210038_20250917205610_VXSE5k_1.json,Earthquake and Seismic Intensity Information,Adjacent Sea of Tokara Islands
20250917205916,20250917205340,2025-09-17T20:59:00+09:00,震源・震度情報,発表,1,2025-09-17T20:53:00+09:00,トカラ列島近海,798,+29.7+129.9+0/,2.6,2,20250917205916_20250917205340_VXSE5k_1.json,Earthquake and Seismic Intensity Information,Adjacent Sea of Tokara Islands
20250917205622,20250917205200,2025-09-17T20:56:00+09:00,震源・震度情報,発表,1,2025-09-17T20:52:00+09:00,トカラ列島近海,798,+29.5+129.8+0/,2.6,1,20250917205622_20250917205200_VXSE5k_1.json,Earthquake and Seismic Intensity Information,Adjacent Sea of Tokara Islands
20250917205326,20250917205011,2025-09-17T20:53:00+09:00,震源・震度情報,発表,1,2025-09-17T20:50:00+09:00,トカラ列島近海,798,+29.6+129.8+0/,2.3,1,20250917205326_20250917205011_VXSE5k_1.json,Earthquake and Seismic Intensity Information,Adjacent Sea of Tokara Islands
20250917163151,20250917162803,2025-09-17T16:31:00+09:00,震源・震度情報,発表,1,2025-09-17T16:28:00+09:00,和歌山県北部,550,+34.0+135.2+0/,2.4,1,20250917163151_20250917162803_VXSE5k_1.json,Earthquake and Seismic Intensity Information,Northern Wakayama Prefecture
20250917144852,20250917144601,2025-09-17T14:48:00+09:00,震源・震度情報,発表,1,2025-09-17T14:46:00+09:00,伊豆大島近海,480,+34.6+139.4-10000/,3.2,1,20250917144852_20250917144601_VXSE5k_1.json,Earthquake and Seismic Intensity Information,Adjacent Sea of ​​Izu-Oshima Island
20250917063736,20250917063403,2025-09-17T06:37:00+09:00,震源・震度情報,発表,1,2025-09-17T06:34:00+09:00,伊豆大島近海,480,+34.6+139.4-10000/,4.0,2,20250917063736_20250917063403_VXSE5k_1.json,Earthquake and Seismic Intensity Information,Adjacent Sea of ​​Izu-Oshima Island
20250917034803,20250917034501,2025-09-17T03:48:00+09:00,震源・震度情報,発表,1,2025-09-17T03:45:00+09:00,日向灘,791,+31.5+131.9-20000/,3.6,1,20250917034803_20250917034501_VXSE5k_1.json,Earthquake and Seismic Intensity Information,Hyuganada Sea
20250916202539,20250916202226,2025-09-16T20:25:00+09:00,震源・震度情報,発表,1,2025-09-16T20:22:00+09:00,トカラ列島近海,798,+29.4+129.5-20000/,2.6,1,20250916202539_20250916202226_VXSE5k_1.json,Earthquake and Seismic Intensity Information,Adjacent Sea of Tokara Islands
20250916195114,20250916194821,2025-09-16T19:51:00+09:00,震源・震度情報,発表,1,2025-09-16T19:48:00+09:00,石川県能登地方,390,+37.3+136.8-10000/,2.4,1,20250916195114_20250916194821_VXSE5k_1.json,Earthquake and Seismic Intensity Information,"Noto, Ishikawa Prefecture"
20250916112607,20250916112251,2025-09-16T11:26:00+09:00,震源・震度情報,発表,1,2025-09-16T11:22:00+09:00,トカラ列島近海,798,+29.5+129.7+0/,2.3,1,20250916112607_20250916112251_VXSE5k_1.json,Earthquake and Seismic Intensity Information,Adjacent Sea of Tokara Islands
20250916102424,20250916102155,2025-09-16T10:24:00+09:00,震源・震度情報,発表,1,2025-09-16T10:21:00+09:00,茨城県沖,471,+35.9+140.8-40000/,3.9,1,20250916102424_20250916102155_VXSE5k_1.json,Earthquake and Seismic Intensity Information,Off the Coast of Ibaraki Prefecture
20250916093655,20250916093326,2025-09-16T09:36:00+09:00,震源・震度情報,発表,1,2025-09-16T09:33:00+09:00,トカラ列島近海,798,+29.3+129.5-20000/,1.8,1,20250916093655_20250916093326_VXSE5k_1.json,Earthquake and Seismic Intensity Information,Adjacent Sea of Tokara Islands
20250916093520,20250916093240,2025-09-16T09:35:00+09:00,震源・震度情報,発表,1,2025-09-16T09:32:00+09:00,長野県北部,420,+36.6+137.9-10000/,2.0,1,20250916093520_20250916093240_VXSE5k_1.json,Earthquake and Seismic Intensity Information,Northern Nagano Prefecture
20250915174615,20250915174322,2025-09-15T17:46:00+09:00,震源・震度情報,発表,1,2025-09-15T17:43:00+09:00,福島県沖,289,+36.9+141.4-50000/,4.0,1,20250915174615_20250915174322_VXSE5k_1.json,Earthquake and Seismic Intensity Information,Off the Coast of Fukushima Prefecture
20250915133808,20250915133452,2025-09-15T13:38:00+09:00,震源・震度情報,発表,1,2025-09-15T13:34:00+09:00,宮城県沖,287,+38.4+142.1-40000/,4.2,2,20250915133808_20250915133452_VXSE5k_1.json,Earthquake and Seismic Intensity Information,Off the Coast of Miyagi Prefecture
20250915120745,20250915120444,2025-09-15T12:07:00+09:00,震源・震度情報,発表,1,2025-09-15T12:04:00+09:00,トカラ列島近海,798,+29.4+129.5-20000/,2.0,1,20250915120745_20250915120444_VXSE5k_1.json,Earthquake and Seismic Intensity Information,Adjacent Sea of Tokara Islands
20250915120430,20250915120118,2025-09-15T12:04:00+09:00,震源・震度情報,発表,1,2025-09-15T12:01:00+09:00,トカラ列島近海,798,+29.4+129.5-20000/,2.8,1,20250915120430_20250915120118_VXSE5k_1.json,Earthquake and Seismic Intensity Information,Adjacent Sea of Tokara Islands
20250915113536,20250915113202,2025-09-15T11:35:00+09:00,震源・震度情報,発表,1,2025-09-15T11:32:00+09:00,トカラ列島近海,798,+29.4+129.5-10000/,3.0,3,20250915113536_20250915113202_VXSE5k_1.json,Earthquake and Seismic Intensity Information,Adjacent Sea of Tokara Islands
20250915101311,20250915100829,2025-09-15T10:13:00+09:00,震源・震度情報,発表,1,2025-09-15T10:08:00+09:00,長野県北部,420,+36.9+138.4-10000/,2.4,1,20250915101311_20250915100829_VXSE5k_1.json,Earthquake and Seismic Intensity Information,Northern Nagano Prefecture
20250915064427,20250915064137,2025-09-15T06:44:00+09:00,震源・震度情報,発表,1,2025-09-15T06:41:00+09:00,茨城県南部,301,+36.2+140.1-70000/,3.0,1,20250915064427_20250915064137_VXSE5k_1.json,Earthquake and Seismic Intensity Information,Southern Ibaraki Prefecture
20250914205549,20250914205311,2025-09-14T20:55:00+09:00,震源・震度情報,発表,1,2025-09-14T20:53:00+09:00,兵庫県南東部,531,+35.1+135.2-10000/,2.9,1,20250914205549_20250914205311_VXSE5k_1.json,Earthquake and Seismic Intensity Information,Southeastern Hyogo Prefecture
20250914091205,20250914090831,2025-09-14T09:12:00+09:00,震源・震度情報,発表,1,2025-09-14T09:08:00+09:00,トカラ列島近海,798,+29.5+129.7-10000/,2.0,1,20250914091205_20250914090831_VXSE5k_1.json,Earthquake and Seismic Intensity Information,Adjacent Sea of Tokara Islands
20250914062326,20250914061801,2025-09-14T06:23:00+09:00,震源・震度情報,発表,1,2025-09-14T06:18:00+09:00,長野県南部,422,+35.9+137.6+0/,2.1,1,20250914062326_20250914061801_VXSE5k_1.json,Earthquake and Seismic Intensity Information,Southern Nagano Prefecture
20250913234643,20250913234329,2025-09-13T23:46:00+09:00,震源・震度情報,発表,1,2025-09-13T23:43:00+09:00,トカラ列島近海,798,+29.9+130.0+0/,2.0,1,20250913234643_20250913234329_VXSE5k_1.json,Earthquake and Seismic Intensity Information,Adjacent Sea of Tokara Islands
20250913234226,20250913233944,2025-09-13T23:42:00+09:00,震源・震度情報,発表,1,2025-09-13T23:39:00+09:00,紀伊水道,674,+33.8+134.9-20000/,3.1,1,20250913234226_20250913233944_VXSE5k_1.json,Earthquake and Seismic Intensity Information,Kiisuido Strait
20250913232623,20250913232223,2025-09-13T23:26:00+09:00,震源・震度情報,発表,1,2025-09-13T23:22:00+09:00,トカラ列島近海,798,+29.9+130.0-10000/,4.4,4,20250913232623_20250913232223_VXSE5k_1.json,Earthquake and Seismic Intensity Information,Adjacent Sea of Tokara Islands
20250913232526,20250913232223,2025-09-13T23:25:00+09:00,震源に関する情報,発表,0,2025-09-13T23:22:00+09:00,トカラ列島近海,798,+29.9+130.0-10000/,4.4,,20250913232526_20250913232223_VXSE52_0.json,Earthquake Information,Adjacent Sea of Tokara Islands
20250913232354,20250913232223,2025-09-13T23:23:00+09:00,震度速報,発表,0,2025-09-13T23:22:00+09:00,,,,,4,20250913232354_20250913232223_VXSE51_0.json,Seismic Intensity Information,
20250913183744,20250913183404,2025-09-13T18:37:00+09:00,震源・震度情報,発表,1,2025-09-13T18:34:00+09:00,長崎県南西部,731,+32.7+129.9+0/,1.9,1,20250913183744_20250913183404_VXSE5k_1.json,Earthquake and Seismic Intensity Information,Southwestern Nagasaki Prefecture
20250913154407,20250913154012,2025-09-13T15:44:00+09:00,震源・震度情報,発表,1,2025-09-13T15:40:00+09:00,奄美大島近海,793,+28.4+129.1-30000/,3.6,1,20250913154407_20250913154012_VXSE5k_1.json,Earthquake and Seismic Intensity Information,Adjacent Sea of Amami-Oshima Island
20250913122200,20250913121908,2025-09-13T12:22:00+09:00,震源・震度情報,発表,1,2025-09-13T12:19:00+09:00,秋田県内陸北部,232,+40.3+140.9+0/,2.6,1,20250913122200_20250913121908_VXSE5k_1.json,Earthquake and Seismic Intensity Information,Northern Inland of Akita Prefecture
20250913120228,20250913114113,2025-09-13T12:02:00+09:00,遠地地震に関する情報,発表,1,2025-09-13T11:38:00+09:00,カムチャツカ半島付近,941,+53.1+160.4/,7.5,,20250913120228_20250913114113_VXSE5e_1.json,Distant Earthquake Information,Adjacent Kamchatka Peninsula
20250913050543,20250913050324,2025-09-13T05:05:00+09:00,震源・震度情報,発表,1,2025-09-13T05:03:00+09:00,伊豆大島近海,480,+34.7+139.3-10000/,2.4,1,20250913050543_20250913050324_VXSE5k_1.json,Earthquake and Seismic Intensity Information,Adjacent Sea of ​​Izu-Oshima Island
20250913031554,20250913030912,2025-09-13T03:15:00+09:00,震源・震度情報,発表,1,2025-09-13T03:09:00+09:00,薩摩半島西方沖,797,+31.6+130.2+0/,2.1,1,20250913031554_20250913030912_VXSE5k_1.json,Earthquake and Seismic Intensity Information,Off the west Coast of Satsuma Peninsula
20250913010057,20250913005758,2025-09-13T01:00:00+09:00,震源・震度情報,発表,1,2025-09-13T00:57:00+09:00,北海道東方沖,188,+43.2+146.8-30000/,4.7,2,20250913010057_20250913005758_VXSE5k_1.json,Earthquake and Seismic Intensity Information,Off the east Coast of Hokkaido
20250913005122,20250913004845,2025-09-13T00:51:00+09:00,震源・震度情報,発表,1,2025-09-13T00:48:00+09:00,宮城県沖,287,+38.5+142.2-40000/,3.7,1,20250913005122_20250913004845_VXSE5k_1.json,Earthquake and Seismic Intensity Information,Off the Coast of Miyagi Prefecture
20250912195947,20250912195729,2025-09-12T19:59:00+09:00,震源・震度情報,発表,1,2025-09-12T19:57:00+09:00,山梨県東部・富士五湖,412,+35.5+139.0-20000/,2.8,1,20250912195947_20250912195729_VXSE5k_1.json,Earthquake and Seismic Intensity Information,"Eastern Region · Fuji Five Lakes, Yamanashi Prefecture"
20250912164115,20250912163759,2025-09-12T16:41:00+09:00,震源・震度情報,発表,1,2025-09-12T16:38:00+09:00,トカラ列島近海,798,+29.4+129.4-30000/,2.1,1,20250912164115_20250912163759_VXSE5k_1.json,Earthquake and Seismic Intensity Information,Adjacent Sea of Tokara Islands
20250912142913,20250912142545,2025-09-12T14:29:00+09:00,震源・震度情報,発表,1,2025-09-12T14:25:00+09:00,トカラ列島近海,798,+29.1+129.3-30000/,3.0,2,20250912142913_20250912142545_VXSE5k_1.json,Earthquake and Seismic Intensity Information,Adjacent Sea of Tokara Islands
20250912124243,20250912123956,2025-09-12T12:42:00+09:00,震源・震度情報,発表,1,2025-09-12T12:40:00+09:00,トカラ列島近海,798,+29.6+129.7-10000/,1.6,1,20250912124243_20250912123956_VXSE5k_1.json,Earthquake and Seismic Intensity Information,Adjacent Sea of Tokara Islands
20250912085524,20250912085229,2025-09-12T08:55:00+09:00,震源・震度情報,発表,1,2025-09-12T08:52:00+09:00,石川県能登地方,390,+37.2+136.7-10000/,2.2,1,20250912085524_20250912085229_VXSE5k_1.json,Earthquake and Seismic Intensity Information,"Noto, Ishikawa Prefecture"
20250912032119,20250912031825,2025-09-12T03:21:00+09:00,震源・震度情報,発表,1,2025-09-12T03:18:00+09:00,茨城県南部,301,+36.2+140.1-50000/,3.1,1,20250912032119_20250912031825_VXSE5k_1.json,Earthquake and Seismic Intensity Information,Southern Ibaraki Prefecture
20250912005059,20250912004759,2025-09-12T00:50:00+09:00,震源・震度情報,発表,1,2025-09-12T00:47:00+09:00,トカラ列島近海,798,+29.3+129.4-20000/,3.3,2,20250912005059_20250912004759_VXSE5k_1.json,Earthquake and Seismic Intensity Information,Adjacent Sea of Tokara Islands
20250911191405,20250911191122,2025-09-11T19:14:00+09:00,震源・震度情報,発表,1,2025-09-11T19:11:00+09:00,石川県能登地方,390,+37.5+137.3-10000/,2.3,1,20250911191405_20250911191122_VXSE5k_1.json,Earthquake and Seismic Intensity Information,"Noto, Ishikawa Prefecture"
20250911151020,20250911150709,2025-09-11T15:10:00+09:00,震源・震度情報,発表,1,2025-09-11T15:07:00+09:00,岐阜県飛騨地方,430,+36.1+137.5+0/,2.5,1,20250911151020_20250911150709_VXSE5k_1.json,Earthquake and Seismic Intensity Information,"Hida, Gifu Prefecture"
20250911150705,20250911150348,2025-09-11T15:07:00+09:00,震源・震度情報,発表,1,2025-09-11T15:03:00+09:00,宮古島近海,853,+24.8+125.3-50000/,3.7,1,20250911150705_20250911150348_VXSE5k_1.json,Earthquake and Seismic Intensity Information,Adjacent Sea of​ Miyakojima Island
20250911141539,20250911141259,2025-09-11T14:15:00+09:00,震源・震度情報,発表,1,2025-09-11T14:12:00+09:00,茨城県南部,301,+36.3+140.0-70000/,3.3,2,20250911141539_20250911141259_VXSE5k_1.json,Earthquake and Seismic Intensity Information,Southern Ibaraki Prefecture
20250911122313,20250911121950,2025-09-11T12:23:00+09:00,震源・震度情報,発表,1,2025-09-11T12:19:00+09:00,茨城県北部,300,+36.8+140.6-10000/,2.4,1,20250911122313_20250911121950_VXSE5k_1.json,Earthquake and Seismic Intensity Information,Northern Ibaraki Prefecture
20250911015219,20250911014914,2025-09-11T01:52:00+09:00,震源・震度情報,発表,1,2025-09-11T01:49:00+09:00,福島県沖,289,+37.7+141.6-90000/,4.2,1,20250911015219_20250911014914_VXSE5k_1.json,Earthquake and Seismic Intensity Information,Off the Coast of Fukushima Prefecture
20250910192340,20250910192049,2025-09-10T19:23:00+09:00,震源・震度情報,発表,1,2025-09-10T19:20:00+09:00,トカラ列島近海,798,+29.9+130.0-10000/,3.3,2,20250910192340_20250910192049_VXSE5k_1.json,Earthquake and Seismic Intensity Information,Adjacent Sea of Tokara Islands
20250910163358,20250910163051,2025-09-10T16:33:00+09:00,震源・震度情報,発表,1,2025-09-10T16:30:00+09:00,茨城県南部,301,+36.1+139.9-40000/,3.7,2,20250910163358_20250910163051_VXSE5k_1.json,Earthquake and Seismic Intensity Information,Southern Ibaraki Prefecture
20250910153248,20250910152644,2025-09-10T15:32:00+09:00,震源・震度情報,発表,1,2025-09-10T15:26:00+09:00,秋田県内陸南部,233,+39.2+140.6+0/,2.0,1,20250910153248_20250910152644_VXSE5k_1.json,Earthquake and Seismic Intensity Information,Southern Inland of Akita Prefecture
20250910131634,20250910131347,2025-09-10T13:16:00+09:00,震源・震度情報,発表,1,2025-09-10T13:13:00+09:00,石川県能登地方,390,+37.5+137.2-10000/,2.7,1,20250910131634_20250910131347_VXSE5k_1.json,Earthquake and Seismic Intensity Information,"Noto, Ishikawa Prefecture"
20250910055929,20250910055631,2025-09-10T05:59:00+09:00,震源・震度情報,発表,1,2025-09-10T05:56:00+09:00,奄美大島北東沖,823,+29.4+130.7-20000/,4.6,1,20250910055929_20250910055631_VXSE5k_1.json,Earthquake and Seismic Intensity Information,Off the northeast Coast of Amami-Oshima Island
20250910050501,20250910050229,2025-09-10T05:05:00+09:00,震源・震度情報,発表,1,2025-09-10T05:02:00+09:00,三宅島近海,482,+33.7+139.5-20000/,3.9,1,20250910050501_20250910050229_VXSE5k_1.json,Earthquake and Seismic Intensity Information,Adjacent Sea of Miyakejima Island
20250910023112,20250910022805,2025-09-10T02:31:00+09:00,震源・震度情報,発表,1,2025-09-10T02:28:00+09:00,トカラ列島近海,798,+29.4+129.5-20000/,2.2,1,20250910023112_20250910022805_VXSE5k_1.json,Earthquake and Seismic Intensity Information,Adjacent Sea of Tokara Islands
20250909201109,20250909200831,2025-09-09T20:11:00+09:00,震源・震度情報,発表,1,2025-09-09T20:08:00+09:00,三宅島近海,482,+33.7+139.5-20000/,4.3,2,20250909201109_20250909200831_VXSE5k_1.json,Earthquake and Seismic Intensity Information,Adjacent Sea of Miyakejima Island
20250909193950,20250909193721,2025-09-09T19:39:00+09:00,震源・震度情報,発表,1,2025-09-09T19:37:00+09:00,伊豆大島近海,480,+34.7+139.3-10000/,2.9,1,20250909193950_20250909193721_VXSE5k_1.json,Earthquake and Seismic Intensity Information,Adjacent Sea of ​​Izu-Oshima Island
20250909192523,20250909192241,2025-09-09T19:25:00+09:00,震源・震度情報,発表,1,2025-09-09T19:22:00+09:00,伊豆大島近海,480,+34.7+139.3-10000/,2.9,1,20250909192523_20250909192241_VXSE5k_1.json,Earthquake and Seismic Intensity Information,Adjacent Sea of ​​Izu-Oshima Island
20250909182604,20250909182105,2025-09-09T18:26:00+09:00,震源・震度情報,発表,1,2025-09-09T18:21:00+09:00,トカラ列島近海,798,+29.4+129.6+0/,2.0,1,20250909182604_20250909182105_VXSE5k_1.json,Earthquake and Seismic Intensity Information,Adjacent Sea of Tokara Islands
20250909181117,20250909180608,2025-09-09T18:11:00+09:00,震源・震度情報,発表,1,2025-09-09T18:06:00+09:00,トカラ列島近海,798,+29.5+129.6-10000/,1.5,1,20250909181117_20250909180608_VXSE5k_1.json,Earthquake and Seismic Intensity Information,Adjacent Sea of Tokara Islands
20250909180912,20250909180520,2025-09-09T18:09:00+09:00,震源・震度情報,発表,1,2025-09-09T18:05:00+09:00,伊豆大島近海,480,+34.7+139.3-10000/,2.6,1,20250909180912_20250909180520_VXSE5k_1.json,Earthquake and Seismic Intensity Information,Adjacent Sea of ​​Izu-Oshima Island
20250909155729,20250909155442,2025-09-09T15:57:00+09:00,震源・震度情報,発表,1,2025-09-09T15:54:00+09:00,宮城県沖,287,+38.3+141.9-70000/,3.8,1,20250909155729_20250909155442_VXSE5k_1.json,Earthquake and Seismic Intensity Information,Off the Coast of Miyagi Prefecture
20250909085651,20250909085313,2025-09-09T08:56:00+09:00,震源・震度情報,発表,1,2025-09-09T08:53:00+09:00,千葉県南部,342,+35.4+140.0-70000/,4.0,2,20250909085651_20250909085313_VXSE5k_1.json,Earthquake and Seismic Intensity Information,Southern Chiba Prefecture
20250909033005,20250909032713,2025-09-09T03:30:00+09:00,震源・震度情報,発表,1,2025-09-09T03:27:00+09:00,福島県沖,289,+37.3+141.6-40000/,3.8,1,20250909033005_20250909032713_VXSE5k_1.json,Earthquake and Seismic Intensity Information,Off the Coast of Fukushima Prefecture
20250909015025,20250909014736,2025-09-09T01:50:00+09:00,震源・震度情報,発表,1,2025-09-09T01:47:00+09:00,日向灘,791,+32.0+131.9-30000/,3.5,1,20250909015025_20250909014736_VXSE5k_1.json,Earthquake and Seismic Intensity Information,Hyuganada Sea
20250908230803,20250908230418,2025-09-08T23:08:00+09:00,震源・震度情報,発表,1,2025-09-08T23:04:00+09:00,福島県沖,289,+37.0+142.0-30000/,4.5,1,20250908230803_20250908230418_VXSE5k_1.json,Earthquake and Seismic Intensity Information,Off the Coast of Fukushima Prefecture
20250908192714,20250908192423,2025-09-08T19:27:00+09:00,震源・震度情報,発表,1,2025-09-08T19:24:00+09:00,岐阜県飛騨地方,430,+36.4+137.4-10000/,3.0,1,20250908192714_20250908192423_VXSE5k_1.json,Earthquake and Seismic Intensity Information,"Hida, Gifu Prefecture"
20250908082817,20250908082427,2025-09-08T08:28:00+09:00,震源・震度情報,発表,1,2025-09-08T08:24:00+09:00,石川県能登地方,390,+37.4+137.1-10000/,4.3,3,20250908082817_20250908082427_VXSE5k_1.json,Earthquake and Seismic Intensity Information,"Noto, Ishikawa Prefecture"
20250908082713,20250908082427,2025-09-08T08:27:00+09:00,震源に関する情報,発表,0,2025-09-08T08:24:00+09:00,石川県能登地方,390,+37.4+137.1-10000/,4.3,,20250908082713_20250908082427_VXSE52_0.json,Earthquake Information,"Noto, Ishikawa Prefecture"
20250908082558,20250908082427,2025-09-08T08:25:00+09:00,震度速報,発表,0,2025-09-08T08:24:00+09:00,,,,,3,20250908082558_20250908082427_VXSE51_0.json,Seismic Intensity Information,
20250908013507,20250908013154,2025-09-08T01:35:00+09:00,震源・震度情報,発表,1,2025-09-08T01:32:00+09:00,トカラ列島近海,798,+29.4+129.6-20000/,1.4,2,20250908013507_20250908013154_VXSE5k_1.json,Earthquake and Seismic Intensity Information,Adjacent Sea of Tokara Islands
20250907210751,20250907210527,2025-09-07T21:07:00+09:00,震源・震度情報,発表,1,2025-09-07T21:05:00+09:00,十勝地方中部,156,+43.1+143.6-10000/,2.6,2,20250907210751_20250907210527_VXSE5k_1.json,Earthquake and Seismic Intensity Information,"Central Tokachi Region, Hokkaido"
20250907155553,20250907155131,2025-09-07T15:55:00+09:00,震源・震度情報,発表,1,2025-09-07T15:51:00+09:00,小笠原諸島西方沖,916,+26.4+140.8-30000/,4.7,1,20250907155553_20250907155131_VXSE5k_1.json,Earthquake and Seismic Intensity Information,Off the west Coast of Ogasawara Islands
20250907125225,20250907124928,2025-09-07T12:52:00+09:00,震源・震度情報,発表,1,2025-09-07T12:49:00+09:00,トカラ列島近海,798,+29.4+129.5-20000/,2.5,1,20250907125225_20250907124928_VXSE5k_1.json,Earthquake and Seismic Intensity Information,Adjacent Sea of Tokara Islands
20250907105452,20250907105103,2025-09-07T10:54:00+09:00,震源・震度情報,発表,1,2025-09-07T10:51:00+09:00,愛知県西部,451,+35.0+137.3-40000/,4.1,2,20250907105452_20250907105103_VXSE5k_1.json,Earthquake and Seismic Intensity Information,Western Aichi Prefecture
20250907081424,20250907081106,2025-09-07T08:14:00+09:00,震源・震度情報,発表,1,2025-09-07T08:11:00+09:00,トカラ列島近海,798,+29.4+129.5-20000/,2.2,1,20250907081424_20250907081106_VXSE5k_1.json,Earthquake and Seismic Intensity Information,Adjacent Sea of Tokara Islands
20250907024258,20250907023954,2025-09-07T02:42:00+09:00,震源・震度情報,発表,1,2025-09-07T02:39:00+09:00,福島県沖,289,+37.8+141.5-90000/,3.9,2,20250907024258_20250907023954_VXSE5k_1.json,Earthquake and Seismic Intensity Information,Off the Coast of Fukushima Prefecture
20250907012135,20250907011809,2025-09-07T01:21:00+09:00,震源・震度情報,発表,1,2025-09-07T01:18:00+09:00,宮古島近海,853,+25.2+124.9+0/,4.3,1,20250907012135_20250907011809_VXSE5k_1.json,Earthquake and Seismic Intensity Information,Adjacent Sea of​ Miyakojima Island
20250907004738,20250907004414,2025-09-07T00:47:00+09:00,震源・震度情報,発表,1,2025-09-07T00:44:00+09:00,宮古島近海,853,+25.3+124.9-10000/,4.4,1,20250907004738_20250907004414_VXSE5k_1.json,Earthquake and Seismic Intensity Information,Adjacent Sea of​ Miyakojima Island
20250906235135,20250906234856,2025-09-06T23:51:00+09:00,震源・震度情報,発表,1,2025-09-06T23:48:00+09:00,トカラ列島近海,798,+29.4+129.6-10000/,2.4,2,20250906235135_20250906234856_VXSE5k_1.json,Earthquake and Seismic Intensity Information,Adjacent Sea of Tokara Islands
20250906181608,20250906181315,2025-09-06T18:16:00+09:00,震源・震度情報,発表,1,2025-09-06T18:13:00+09:00,トカラ列島近海,798,+29.4+129.6-20000/,2.8,2,20250906181608_20250906181315_VXSE5k_1.json,Earthquake and Seismic Intensity Information,Adjacent Sea of Tokara Islands
20250906125147,20250906124856,2025-09-06T12:51:00+09:00,震源・震度情報,発表,1,2025-09-06T12:48:00+09:00,青森県東方沖,285,+41.0+142.0-60000/,4.0,2,20250906125147_20250906124856_VXSE5k_1.json,Earthquake and Seismic Intensity Information,Off the east Coast of Aomori Prefecture
20250906120302,20250906115625,2025-09-06T12:03:00+09:00,震源・震度情報,発表,1,2025-09-06T11:56:00+09:00,青森県三八上北地方,202,+40.4+141.2+0/,2.0,1,20250906120302_20250906115625_VXSE5k_1.json,Earthquake and Seismic Intensity Information,"Sanpachi-Kamikita Region, Aomori Prefecture"
20250906025415,20250906025127,2025-09-06T02:54:00+09:00,震源・震度情報,発表,1,2025-09-06T02:51:00+09:00,青森県東方沖,285,+41.0+141.5-20000/,3.3,1,20250906025415_20250906025127_VXSE5k_1.json,Earthquake and Seismic Intensity Information,Off the east Coast of Aomori Prefecture
20250906010441,20250906010140,2025-09-06T01:04:00+09:00,震源・震度情報,発表,1,2025-09-06T01:01:00+09:00,奄美大島近海,793,+28.0+129.1-10000/,3.1,1,20250906010441_20250906010140_VXSE5k_1.json,Earthquake and Seismic Intensity Information,Adjacent Sea of Amami-Oshima Island
20250905210357,20250905210015,2025-09-05T21:03:00+09:00,震源・震度情報,発表,1,2025-09-05T21:00:00+09:00,茨城県南部,301,+36.1+139.9-50000/,4.3,4,20250905210357_20250905210015_VXSE5k_1.json,Earthquake and Seismic Intensity Information,Southern Ibaraki Prefecture
20250905210250,20250905210015,2025-09-05T21:02:00+09:00,震源に関する情報,発表,0,2025-09-05T21:00:00+09:00,茨城県南部,301,+36.1+139.9-50000/,4.3,,20250905210250_20250905210015_VXSE52_0.json,Earthquake Information,Southern Ibaraki Prefecture
20250905210159,20250905210015,2025-09-05T21:01:00+09:00,震度速報,発表,0,2025-09-05T21:00:00+09:00,,,,,4,20250905210159_20250905210015_VXSE51_0.json,Seismic Intensity Information,
20250905204813,20250905204554,2025-09-05T20:48:00+09:00,震源・震度情報,発表,1,2025-09-05T20:45:00+09:00,トカラ列島近海,798,+29.4+129.4-20000/,2.6,1,20250905204813_20250905204554_VXSE5k_1.json,Earthquake and Seismic Intensity Information,Adjacent Sea of Tokara Islands
20250905170011,20250905170000,2025-09-05T17:00:00+09:00,南海トラフ地震関連解説情報,発表,0,2025-09-05T17:00:00+09:00,,,,,,20250905170011_20250905170000_VYSE52_0.json,,
20250905130440,20250905130158,2025-09-05T13:04:00+09:00,震源・震度情報,発表,1,2025-09-05T13:01:00+09:00,岩手県沿岸南部,211,+39.0+141.7-70000/,3.2,1,20250905130440_20250905130158_VXSE5k_1.json,Earthquake and Seismic Intensity Information,Southern Coast of Iwate Prefecture
20250904192703,20250904192403,2025-09-04T19:27:00+09:00,震源・震度情報,発表,1,2025-09-04T19:24:00+09:00,岩手県沖,286,+39.2+142.7-30000/,4.3,1,20250904192703_20250904192403_VXSE5k_1.json,Earthquake and Seismic Intensity Information,Off the Coast of Iwate Prefecture
20250904113651,20250904113408,2025-09-04T11:36:00+09:00,震源・震度情報,発表,1,2025-09-04T11:34:00+09:00,浦河沖,192,+42.1+142.5-60000/,3.7,1,20250904113651_20250904113408_VXSE5k_1.json,Earthquake and Seismic Intensity Information,Off the Coast of Urakawa
20250904093340,20250904093109,2025-09-04T09:33:00+09:00,震源・震度情報,発表,1,2025-09-04T09:31:00+09:00,秋田県内陸南部,233,+39.5+140.4-10000/,2.9,2,20250904093340_20250904093109_VXSE5k_1.json,Earthquake and Seismic Intensity Information,Southern Inland of Akita Prefecture
20250904053441,20250904053128,2025-09-04T05:34:00+09:00,震源・震度情報,発表,1,2025-09-04T05:31:00+09:00,奄美大島近海,793,+27.4+129.3-40000/,4.4,2,20250904053441_20250904053128_VXSE5k_1.json,Earthquake and Seismic Intensity Information,Adjacent Sea of Amami-Oshima Island
20250903231635,20250903231352,2025-09-03T23:16:00+09:00,震源・震度情報,発表,1,2025-09-03T23:13:00+09:00,徳島県北部,600,+34.0+133.7-10000/,2.2,1,20250903231635_20250903231352_VXSE5k_1.json,Earthquake and Seismic Intensity Information,Northern Tokushima Prefecture
20250903204810,20250903204522,2025-09-03T20:48:00+09:00,震源・震度情報,発表,1,2025-09-03T20:45:00+09:00,トカラ列島近海,798,+29.5+129.6+0/,2.0,1,20250903204810_20250903204522_VXSE5k_1.json,Earthquake and Seismic Intensity Information,Adjacent Sea of Tokara Islands
20250903200519,20250903200128,2025-09-03T20:05:00+09:00,震源・震度情報,発表,1,2025-09-03T20:01:00+09:00,トカラ列島近海,798,+29.4+129.7+0/,1.5,2,20250903200519_20250903200128_VXSE5k_1.json,Earthquake and Seismic Intensity Information,Adjacent Sea of Tokara Islands
20250903194046,20250903193410,2025-09-03T19:40:00+09:00,震源・震度情報,発表,1,2025-09-03T19:34:00+09:00,トカラ列島近海,798,+29.5+129.6+0/,2.0,1,20250903194046_20250903193410_VXSE5k_1.json,Earthquake and Seismic Intensity Information,Adjacent Sea of Tokara Islands
20250903193724,20250903193224,2025-09-03T19:37:00+09:00,震源・震度情報,発表,1,2025-09-03T19:32:00+09:00,トカラ列島近海,798,+29.5+129.6+0/,2.0,1,20250903193724_20250903193224_VXSE5k_1.json,Earthquake and Seismic Intensity Information,Adjacent Sea of Tokara Islands
20250903133049,20250903132749,2025-09-03T13:30:00+09:00,震源・震度情報,発表,1,2025-09-03T13:27:00+09:00,福島県会津,252,+37.0+139.4-10000/,1.7,1,20250903133049_20250903132749_VXSE5k_1.json,Earthquake and Seismic Intensity Information,"Aizu,  Fukushima Prefecture"
20250903113909,20250903113624,2025-09-03T11:39:00+09:00,震源・震度情報,発表,1,2025-09-03T11:36:00+09:00,和歌山県北部,550,+34.2+135.2-10000/,2.6,1,20250903113909_20250903113624_VXSE5k_1.json,Earthquake and Seismic Intensity Information,Northern Wakayama Prefecture
20250903060513,20250903060214,2025-09-03T06:05:00+09:00,震源・震度情報,発表,1,2025-09-03T06:02:00+09:00,トカラ列島近海,798,+29.4+129.5-10000/,2.1,1,20250903060513_20250903060214_VXSE5k_1.json,Earthquake and Seismic Intensity Information,Adjacent Sea of Tokara Islands
20250903060129,20250903055822,2025-09-03T06:01:00+09:00,震源・震度情報,発表,1,2025-09-03T05:58:00+09:00,トカラ列島近海,798,+29.4+129.5-10000/,2.1,1,20250903060129_20250903055822_VXSE5k_1.json,Earthquake and Seismic Intensity Information,Adjacent Sea of Tokara Islands
20250903020923,20250903020606,2025-09-03T02:09:00+09:00,震源・震度情報,発表,1,2025-09-03T02:06:00+09:00,トカラ列島近海,798,+29.3+129.4-20000/,2.0,1,20250903020923_20250903020606_VXSE5k_1.json,Earthquake and Seismic Intensity Information,Adjacent Sea of Tokara Islands
20250902160515,20250902160232,2025-09-02T16:05:00+09:00,震源・震度情報,発表,1,2025-09-02T16:02:00+09:00,愛知県西部,451,+35.2+137.4-10000/,2.5,1,20250902160515_20250902160232_VXSE5k_1.json,Earthquake and Seismic Intensity Information,Western Aichi Prefecture
20250902111657,20250902111348,2025-09-02T11:16:00+09:00,震源・震度情報,発表,1,2025-09-02T11:13:00+09:00,トカラ列島近海,798,+29.3+129.4-10000/,2.4,1,20250902111657_20250902111348_VXSE5k_1.json,Earthquake and Seismic Intensity Information,Adjacent Sea of Tokara Islands
20250902030151,20250902025914,2025-09-02T03:01:00+09:00,震源・震度情報,発表,1,2025-09-02T02:59:00+09:00,沖縄本島近海,850,+27.4+128.6-40000/,2.8,1,20250902030151_20250902025914_VXSE5k_1.json,Earthquake and Seismic Intensity Information,Adjacent Sea of Okinawa Main Island
20250901234634,20250901234316,2025-09-01T23:46:00+09:00,震源・震度情報,発表,1,2025-09-01T23:43:00+09:00,トカラ列島近海,798,+29.4+129.5-20000/,2.3,1,20250901234634_20250901234316_VXSE5k_1.json,Earthquake and Seismic Intensity Information,Adjacent Sea of Tokara Islands
20250901221225,20250901220934,2025-09-01T22:12:00+09:00,震源・震度情報,発表,1,2025-09-01T22:09:00+09:00,トカラ列島近海,798,+29.4+129.5-20000/,1.9,1,20250901221225_20250901220934_VXSE5k_1.json,Earthquake and Seismic Intensity Information,Adjacent Sea of Tokara Islands
20250901153324,20250901153011,2025-09-01T15:33:00+09:00,震源・震度情報,発表,1,2025-09-01T15:30:00+09:00,トカラ列島近海,798,+29.4+129.4-20000/,4.2,4,20250901153324_20250901153011_VXSE5k_1.json,Earthquake and Seismic Intensity Information,Adjacent Sea of Tokara Islands
20250901131407,20250901131125,2025-09-01T13:14:00+09:00,震源・震度情報,発表,1,2025-09-01T13:11:00+09:00,石川県能登地方,390,+37.2+136.7-10000/,3.0,2,20250901131407_20250901131125_VXSE5k_1.json,Earthquake and Seismic Intensity Information,"Noto, Ishikawa Prefecture"
20250901124241,20250901123937,2025-09-01T12:42:00+09:00,震源・震度情報,発表,1,2025-09-01T12:39:00+09:00,空知地方北部,120,+43.9+142.1-10000/,3.6,2,20250901124241_20250901123937_VXSE5k_1.json,Earthquake and Seismic Intensity Information,"Northern Sorachi Region, Hokkaido"
20250901042251,20250901041950,2025-09-01T04:22:00+09:00,震源・震度情報,発表,1,2025-09-01T04:19:00+09:00,トカラ列島近海,798,+29.4+129.5-20000/,2.4,2,20250901042251_20250901041950_VXSE5k_1.json,Earthquake and Seismic Intensity Information,Adjacent Sea of Tokara Islands
20250901032310,20250901032014,2025-09-01T03:23:00+09:00,震源・震度情報,発表,1,2025-09-01T03:20:00+09:00,トカラ列島近海,798,+29.3+129.6-20000/,2.6,1,20250901032310_20250901032014_VXSE5k_1.json,Earthquake and Seismic Intensity Information,Adjacent Sea of Tokara Islands
20250831233110,20250831232813,2025-08-31T23:31:00+09:00,震源・震度情報,発表,1,2025-08-31T23:28:00+09:00,トカラ列島近海,798,+29.2+129.2-10000/,2.5,1,20250831233110_20250831232813_VXSE5k_1.json,Earthquake and Seismic Intensity Information,Adjacent Sea of Tokara Islands
20250831124106,20250831123744,2025-08-31T12:41:00+09:00,震源・震度情報,発表,1,2025-08-31T12:37:00+09:00,トカラ列島近海,798,+29.6+129.7+0/,2.3,1,20250831124106_20250831123744_VXSE5k_1.json,Earthquake and Seismic Intensity Information,Adjacent Sea of Tokara Islands
20250831035230,20250831034958,2025-08-31T03:52:00+09:00,震源・震度情報,発表,1,2025-08-31T03:49:00+09:00,長野県南部,422,+35.3+137.8-20000/,3.4,2,20250831035230_20250831034958_VXSE5k_1.json,Earthquake and Seismic Intensity Information,Southern Nagano Prefecture
20250830222004,20250830221702,2025-08-30T22:20:00+09:00,震源・震度情報,発表,1,2025-08-30T22:17:00+09:00,トカラ列島近海,798,+29.4+129.5-20000/,2.2,1,20250830222004_20250830221702_VXSE5k_1.json,Earthquake and Seismic Intensity Information,Adjacent Sea of Tokara Islands
20250830183005,20250830182641,2025-08-30T18:30:00+09:00,震源・震度情報,発表,1,2025-08-30T18:26:00+09:00,岩手県沖,286,+39.3+142.1-50000/,4.6,3,20250830183005_20250830182641_VXSE5k_1.json,Earthquake and Seismic Intensity Information,Off the Coast of Iwate Prefecture
20250830182912,20250830182641,2025-08-30T18:29:00+09:00,震源に関する情報,発表,0,2025-08-30T18:26:00+09:00,岩手県沖,286,+39.3+142.1-50000/,4.6,,20250830182912_20250830182641_VXSE52_0.json,Earthquake Information,Off the Coast of Iwate Prefecture
20250830182811,20250830182641,2025-08-30T18:28:00+09:00,震度速報,発表,0,2025-08-30T18:26:00+09:00,,,,,3,20250830182811_20250830182641_VXSE51_0.json,Seismic Intensity Information,
20250830140128,20250830135850,2025-08-30T14:01:00+09:00,震源・震度情報,発表,1,2025-08-30T13:58:00+09:00,紀伊水道,674,+33.8+134.9-10000/,3.0,1,20250830140128_20250830135850_VXSE5k_1.json,Earthquake and Seismic Intensity Information,Kiisuido Strait
20250830045802,20250830045458,2025-08-30T04:58:00+09:00,震源・震度情報,発表,1,2025-08-30T04:55:00+09:00,トカラ列島近海,798,+29.4+129.6-10000/,2.1,1,20250830045802_20250830045458_VXSE5k_1.json,Earthquake and Seismic Intensity Information,Adjacent Sea of Tokara Islands
20250830020638,20250830020246,2025-08-30T02:06:00+09:00,震源・震度情報,発表,1,2025-08-30T02:03:00+09:00,トカラ列島近海,798,+29.3+129.5-20000/,2.4,2,20250830020638_20250830020246_VXSE5k_1.json,Earthquake and Seismic Intensity Information,Adjacent Sea of Tokara Islands
20250830015803,20250830015257,2025-08-30T01:58:00+09:00,震源・震度情報,発表,1,2025-08-30T01:53:00+09:00,福島県沖,289,+37.3+141.6-40000/,3.9,2,20250830015803_20250830015257_VXSE5k_1.json,Earthquake and Seismic Intensity Information,Off the Coast of Fukushima Prefecture
20250830015534,20250830015107,2025-08-30T01:55:00+09:00,震源・震度情報,発表,1,2025-08-30T01:51:00+09:00,福島県沖,289,+37.3+141.6-40000/,4.7,3,20250830015534_20250830015107_VXSE5k_1.json,Earthquake and Seismic Intensity Information,Off the Coast of Fukushima Prefecture
20250830015354,20250830015107,2025-08-30T01:53:00+09:00,震源に関する情報,発表,0,2025-08-30T01:51:00+09:00,福島県沖,289,+37.3+141.6-40000/,4.7,,20250830015354_20250830015107_VXSE52_0.json,Earthquake Information,Off the Coast of Fukushima Prefecture
20250830015242,20250830015107,2025-08-30T01:52:00+09:00,震度速報,発表,0,2025-08-30T01:51:00+09:00,,,,,3,20250830015242_20250830015107_VXSE51_0.json,Seismic Intensity Information,
20250830013354,20250830012927,2025-08-30T01:33:00+09:00,震源・震度情報,発表,1,2025-08-30T01:29:00+09:00,宮城県沖,287,+38.4+142.2-40000/,5.7,4,20250830013354_20250830012927_VXSE5k_1.json,Earthquake and Seismic Intensity Information,Off the Coast of Miyagi Prefecture
20250830013209,20250830012927,2025-08-30T01:32:00+09:00,震源に関する情報,発表,0,2025-08-30T01:29:00+09:00,宮城県沖,287,+38.4+142.2-40000/,5.7,,20250830013209_20250830012927_VXSE52_0.json,Earthquake Information,Off the Coast of Miyagi Prefecture
20250830013159,20250830012927,2025-08-30T01:31:00+09:00,震度速報,発表,0,2025-08-30T01:29:00+09:00,,,,,4,20250830013159_20250830012927_VXSE51_0.json,Seismic Intensity Information,
20250830013059,20250830012927,2025-08-30T01:30:00+09:00,震度速報,発表,0,2025-08-30T01:29:00+09:00,,,,,4,20250830013059_20250830012927_VXSE51_0.json,Seismic Intensity Information,
20250830003512,20250830003251,2025-08-30T00:35:00+09:00,震源・震度情報,発表,1,2025-08-30T00:32:00+09:00,トカラ列島近海,798,+29.6+129.8-10000/,2.4,1,20250830003512_20250830003251_VXSE5k_1.json,Earthquake and Seismic Intensity Information,Adjacent Sea of Tokara Islands
20250829202523,20250829202123,2025-08-29T20:25:00+09:00,震源・震度情報,発表,1,2025-08-29T20:21:00+09:00,トカラ列島近海,798,+29.3+129.6-20000/,2.3,1,20250829202523_20250829202123_VXSE5k_1.json,Earthquake and Seismic Intensity Information,Adjacent Sea of Tokara Islands
20250829202328,20250829202027,2025-08-29T20:23:00+09:00,震源・震度情報,発表,1,2025-08-29T20:20:00+09:00,トカラ列島近海,798,+29.4+129.5-20000/,2.8,2,20250829202328_20250829202027_VXSE5k_1.json,Earthquake and Seismic Intensity Information,Adjacent Sea of Tokara Islands
20250829171132,20250829170846,2025-08-29T17:11:00+09:00,震源・震度情報,発表,1,2025-08-29T17:08:00+09:00,栃木県北部,310,+36.8+139.8-10000/,2.9,1,20250829171132_20250829170846_VXSE5k_1.json,Earthquake and Seismic Intensity Information,Northern Tochigi Prefecture
20250829081322,20250829081049,2025-08-29T08:13:00+09:00,震源・震度情報,発表,1,2025-08-29T08:10:00+09:00,福島県中通り,250,+36.9+140.5-10000/,3.4,2,20250829081322_20250829081049_VXSE5k_1.json,Earthquake and Seismic Intensity Information,"Nakadori, Fukushima Prefecture"
20250829050047,20250829045446,2025-08-29T05:00:00+09:00,震源・震度情報,発表,1,2025-08-29T04:54:00+09:00,茨城県沖,471,+36.7+141.0-90000/,4.4,3,20250829050047_20250829045446_VXSE5k_1.json,Earthquake and Seismic Intensity Information,Off the Coast of Ibaraki Prefecture
20250829045708,20250829045446,2025-08-29T04:57:00+09:00,震源に関する情報,発表,0,2025-08-29T04:54:00+09:00,茨城県沖,471,+36.7+141.0-90000/,4.4,,20250829045708_20250829045446_VXSE52_0.json,Earthquake Information,Off the Coast of Ibaraki Prefecture
20250829045616,20250829045446,2025-08-29T04:56:00+09:00,震度速報,発表,0,2025-08-29T04:54:00+09:00,,,,,3,20250829045616_20250829045446_VXSE51_0.json,Seismic Intensity Information,
20250829034154,20250829033936,2025-08-29T03:41:00+09:00,震源・震度情報,発表,1,2025-08-29T03:39:00+09:00,相模湾,478,+35.1+139.1+0/,2.8,2,20250829034154_20250829033936_VXSE5k_1.json,Earthquake and Seismic Intensity Information,Sagami Bay
20250828233740,20250828233521,2025-08-28T23:37:00+09:00,震源・震度情報,発表,1,2025-08-28T23:35:00+09:00,福井県嶺北,400,+35.8+136.3-10000/,3.6,2,20250828233740_20250828233521_VXSE5k_1.json,Earthquake and Seismic Intensity Information,"Reihoku,  Fukui Prefecture"
20250828185312,20250828185015,2025-08-28T18:53:00+09:00,震源・震度情報,発表,1,2025-08-28T18:50:00+09:00,根室半島南東沖,189,+42.9+146.0-20000/,4.6,2,20250828185312_20250828185015_VXSE5k_1.json,Earthquake and Seismic Intensity Information,Off the southeast Coast of the Nemuro Peninsula
20250828183343,20250828183115,2025-08-28T18:33:00+09:00,震源・震度情報,発表,1,2025-08-28T18:31:00+09:00,宮城県沖,287,+38.3+141.8-50000/,4.0,2,20250828183343_20250828183115_VXSE5k_1.json,Earthquake and Seismic Intensity Information,Off the Coast of Miyagi Prefecture
20250828121622,20250828121300,2025-08-28T12:16:00+09:00,震源・震度情報,発表,1,2025-08-28T12:12:00+09:00,沖縄本島近海,850,+26.6+127.8-50000/,4.7,2,20250828121622_20250828121300_VXSE5k_1.json,Earthquake and Seismic Intensity Information,Adjacent Sea of Okinawa Main Island
20250828112730,20250828112425,2025-08-28T11:27:00+09:00,震源・震度情報,発表,1,2025-08-28T11:24:00+09:00,トカラ列島近海,798,+29.4+129.5-10000/,2.3,1,20250828112730_20250828112425_VXSE5k_1.json,Earthquake and Seismic Intensity Information,Adjacent Sea of Tokara Islands
20250828101010,20250828100702,2025-08-28T10:10:00+09:00,震源・震度情報,発表,1,2025-08-28T10:07:00+09:00,千葉県北東部,340,+35.9+140.4-40000/,3.1,2,20250828101010_20250828100702_VXSE5k_1.json,Earthquake and Seismic Intensity Information,Northeastern Chiba Prefecture
20250828032800,20250828032521,2025-08-28T03:28:00+09:00,震源・震度情報,発表,1,2025-08-28T03:25:00+09:00,トカラ列島近海,798,+29.6+129.7-10000/,2.6,2,20250828032800_20250828032521_VXSE5k_1.json,Earthquake and Seismic Intensity Information,Adjacent Sea of Tokara Islands
20250828032101,20250828031714,2025-08-28T03:21:00+09:00,震源・震度情報,発表,1,2025-08-28T03:17:00+09:00,トカラ列島近海,798,+29.6+129.7-20000/,1.6,1,20250828032101_20250828031714_VXSE5k_1.json,Earthquake and Seismic Intensity Information,Adjacent Sea of Tokara Islands
20250827232121,20250827231817,2025-08-27T23:21:00+09:00,震源・震度情報,発表,1,2025-08-27T23:18:00+09:00,トカラ列島近海,798,+29.5+129.8+0/,2.4,1,20250827232121_20250827231817_VXSE5k_1.json,Earthquake and Seismic Intensity Information,Adjacent Sea of Tokara Islands
20250827231544,20250827231146,2025-08-27T23:15:00+09:00,震源・震度情報,発表,1,2025-08-27T23:11:00+09:00,トカラ列島近海,798,+29.5+129.8-10000/,3.3,3,20250827231544_20250827231146_VXSE5k_1.json,Earthquake and Seismic Intensity Information,Adjacent Sea of Tokara Islands
20250827231452,20250827231146,2025-08-27T23:14:00+09:00,震源に関する情報,発表,0,2025-08-27T23:11:00+09:00,トカラ列島近海,798,+29.5+129.8-10000/,3.3,,20250827231452_20250827231146_VXSE52_0.json,Earthquake Information,Adjacent Sea of Tokara Islands
20250827231338,20250827231146,2025-08-27T23:13:00+09:00,震度速報,発表,0,2025-08-27T23:11:00+09:00,,,,,3,20250827231338_20250827231146_VXSE51_0.json,Seismic Intensity Information,
20250827221456,20250827221122,2025-08-27T22:14:00+09:00,震源・震度情報,発表,1,2025-08-27T22:11:00+09:00,台湾付近,900,+24.9+121.9-110000/,5.3,2,20250827221456_20250827221122_VXSE5k_1.json,Earthquake and Seismic Intensity Information,the vicinity of Taiwan
20250827215354,20250827215008,2025-08-27T21:53:00+09:00,震源・震度情報,発表,1,2025-08-27T21:50:00+09:00,日向灘,791,+32.0+131.9-20000/,4.3,2,20250827215354_20250827215008_VXSE5k_1.json,Earthquake and Seismic Intensity Information,Hyuganada Sea
20250827195041,20250827194605,2025-08-27T19:50:00+09:00,震源・震度情報,発表,1,2025-08-27T19:46:00+09:00,熊本県熊本地方,741,+32.9+130.8-20000/,2.1,1,20250827195041_20250827194605_VXSE5k_1.json,Earthquake and Seismic Intensity Information,"Kumamoto Region, Kumamoto Prefecture"
20250827175540,20250827175255,2025-08-27T17:55:00+09:00,震源・震度情報,発表,1,2025-08-27T17:52:00+09:00,トカラ列島近海,798,+29.3+129.4-20000/,3.3,2,20250827175540_20250827175255_VXSE5k_1.json,Earthquake and Seismic Intensity Information,Adjacent Sea of Tokara Islands
20250827093601,20250827093238,2025-08-27T09:36:00+09:00,震源・震度情報,発表,1,2025-08-27T09:32:00+09:00,八丈島東方沖,475,+32.4+140.5-20000/,5.0,1,20250827093601_20250827093238_VXSE5k_1.json,Earthquake and Seismic Intensity Information,Off the east Coast of Hachijojima Island
20250826162216,20250826161925,2025-08-26T16:22:00+09:00,震源・震度情報,発表,1,2025-08-26T16:19:00+09:00,東京都多摩西部,352,+35.7+139.2-130000/,3.9,1,20250826162216_20250826161925_VXSE5k_1.json,Earthquake and Seismic Intensity Information,"Western Tama, Tokyo"
20250826123641,20250826123349,2025-08-26T12:36:00+09:00,震源・震度情報,発表,1,2025-08-26T12:33:00+09:00,トカラ列島近海,798,+29.4+129.5-20000/,3.1,3,20250826123641_20250826123349_VXSE5k_1.json,Earthquake and Seismic Intensity Information,Adjacent Sea of Tokara Islands
20250826064841,20250826064545,2025-08-26T06:48:00+09:00,震源・震度情報,発表,1,2025-08-26T06:45:00+09:00,トカラ列島近海,798,+29.4+129.5-20000/,2.3,1,20250826064841_20250826064545_VXSE5k_1.json,Earthquake and Seismic Intensity Information,Adjacent Sea of Tokara Islands
20250826051847,20250826051534,2025-08-26T05:18:00+09:00,震源・震度情報,発表,1,2025-08-26T05:15:00+09:00,日向灘,791,+32.0+131.5-50000/,2.5,1,20250826051847_20250826051534_VXSE5k_1.json,Earthquake and Seismic Intensity Information,Hyuganada Sea
20250825210009,20250825205736,2025-08-25T21:00:00+09:00,震源・震度情報,発表,1,2025-08-25T20:57:00+09:00,上川地方北部,125,+44.4+142.4+0/,2.4,1,20250825210009_20250825205736_VXSE5k_1.json,Earthquake and Seismic Intensity Information,"Northern Kamikawa Region, Hokkaido"
20250825130050,20250825125817,2025-08-25T13:00:00+09:00,震源・震度情報,発表,1,2025-08-25T12:58:00+09:00,茨城県南部,301,+36.2+139.8-60000/,3.1,1,20250825130050_20250825125817_VXSE5k_1.json,Earthquake and Seismic Intensity Information,Southern Ibaraki Prefecture
20250825112758,20250825112514,2025-08-25T11:27:00+09:00,震源・震度情報,発表,1,2025-08-25T11:25:00+09:00,宮城県沖,287,+38.9+142.0-50000/,3.3,1,20250825112758_20250825112514_VXSE5k_1.json,Earthquake and Seismic Intensity Information,Off the Coast of Miyagi Prefecture
20250825014802,20250825014429,2025-08-25T01:48:00+09:00,震源・震度情報,発表,1,2025-08-25T01:44:00+09:00,福井県嶺北,400,+35.8+136.3-10000/,4.3,3,20250825014802_20250825014429_VXSE5k_1.json,Earthquake and Seismic Intensity Information,"Reihoku,  Fukui Prefecture"
20250825014655,20250825014429,2025-08-25T01:46:00+09:00,震源に関する情報,発表,0,2025-08-25T01:44:00+09:00,福井県嶺北,400,+35.8+136.3-10000/,4.3,,20250825014655_20250825014429_VXSE52_0.json,Earthquake Information,"Reihoku,  Fukui Prefecture"
20250825014558,20250825014429,2025-08-25T01:45:00+09:00,震度速報,発表,0,2025-08-25T01:44:00+09:00,,,,,3,20250825014558_20250825014429_VXSE51_0.json,Seismic Intensity Information,
20250824150344,20250824150034,2025-08-24T15:03:00+09:00,震源・震度情報,発表,1,2025-08-24T15:00:00+09:00,福島県会津,252,+37.1+139.4-10000/,2.5,1,20250824150344_20250824150034_VXSE5k_1.json,Earthquake and Seismic Intensity Information,"Aizu,  Fukushima Prefecture"
20250824140143,20250824135837,2025-08-24T14:01:00+09:00,震源・震度情報,発表,1,2025-08-24T13:58:00+09:00,岩手県沖,286,+39.6+142.1-50000/,3.6,1,20250824140143_20250824135837_VXSE5k_1.json,Earthquake and Seismic Intensity Information,Off the Coast of Iwate Prefecture
20250824085019,20250824084844,2025-08-24T08:50:00+09:00,震源・震度情報,発表,1,2025-08-24T08:44:00+09:00,和歌山県北部,550,+34.0+135.3-10000/,1.7,1,20250824085019_20250824084844_VXSE5k_1.json,Earthquake and Seismic Intensity Information,Northern Wakayama Prefecture
20250824022105,20250824021841,2025-08-24T02:21:00+09:00,震源・震度情報,発表,1,2025-08-24T02:18:00+09:00,宮城県沖,287,+38.7+142.3-40000/,3.7,1,20250824022105_20250824021841_VXSE5k_1.json,Earthquake and Seismic Intensity Information,Off the Coast of Miyagi Prefecture
20250824012524,20250824012233,2025-08-24T01:25:00+09:00,震源・震度情報,発表,1,2025-08-24T01:22:00+09:00,トカラ列島近海,798,+29.3+129.5+0/,2.2,1,20250824012524_20250824012233_VXSE5k_1.json,Earthquake and Seismic Intensity Information,Adjacent Sea of Tokara Islands
20250824012232,20250824011948,2025-08-24T01:22:00+09:00,震源・震度情報,発表,1,2025-08-24T01:19:00+09:00,トカラ列島近海,798,+29.4+129.5-30000/,3.0,3,20250824012232_20250824011948_VXSE5k_1.json,Earthquake and Seismic Intensity Information,Adjacent Sea of Tokara Islands
20250823235359,20250823235055,2025-08-23T23:53:00+09:00,震源・震度情報,発表,1,2025-08-23T23:50:00+09:00,トカラ列島近海,798,+29.6+129.6+0/,2.3,2,20250823235359_20250823235055_VXSE5k_1.json,Earthquake and Seismic Intensity Information,Adjacent Sea of Tokara Islands
20250823210628,20250823210331,2025-08-23T21:06:00+09:00,震源・震度情報,発表,1,2025-08-23T21:03:00+09:00,トカラ列島近海,798,+29.5+129.7-10000/,1.6,1,20250823210628_20250823210331_VXSE5k_1.json,Earthquake and Seismic Intensity Information,Adjacent Sea of Tokara Islands
20250823192550,20250823192229,2025-08-23T19:25:00+09:00,震源・震度情報,発表,1,2025-08-23T19:22:00+09:00,埼玉県北部,330,+36.1+139.0-130000/,3.8,1,20250823192550_20250823192229_VXSE5k_1.json,Earthquake and Seismic Intensity Information,Northern Saitama Prefecture
20250823183959,20250823183701,2025-08-23T18:39:00+09:00,震源・震度情報,発表,1,2025-08-23T18:36:00+09:00,根室半島南東沖,189,+42.9+146.6-20000/,4.2,1,20250823183959_20250823183701_VXSE5k_1.json,Earthquake and Seismic Intensity Information,Off the southeast Coast of the Nemuro Peninsula
20250823173603,20250823173305,2025-08-23T17:36:00+09:00,震源・震度情報,発表,1,2025-08-23T17:33:00+09:00,福島県中通り,250,+37.1+140.2-120000/,3.7,1,20250823173603_20250823173305_VXSE5k_1.json,Earthquake and Seismic Intensity Information,"Nakadori, Fukushima Prefecture"
20250823170949,20250823170714,2025-08-23T17:09:00+09:00,震源・震度情報,発表,1,2025-08-23T17:07:00+09:00,島根県東部,570,+35.4+133.3-10000/,2.8,1,20250823170949_20250823170714_VXSE5k_1.json,Earthquake and Seismic Intensity Information,Eastern Shimane Prefecture
20250823160936,20250823160654,2025-08-23T16:09:00+09:00,震源・震度情報,発表,1,2025-08-23T16:06:00+09:00,トカラ列島近海,798,+29.6+129.5-20000/,1.8,1,20250823160936_20250823160654_VXSE5k_1.json,Earthquake and Seismic Intensity Information,Adjacent Sea of Tokara Islands
20250823085429,20250823085029,2025-08-23T08:54:00+09:00,震源・震度情報,発表,1,2025-08-23T08:50:00+09:00,トカラ列島近海,798,+29.6+129.7-10000/,2.0,1,20250823085429_20250823085029_VXSE5k_1.json,Earthquake and Seismic Intensity Information,Adjacent Sea of Tokara Islands
20250823084806,20250823084418,2025-08-23T08:48:00+09:00,震源・震度情報,発表,1,2025-08-23T08:44:00+09:00,徳島県南部,601,+33.7+134.3-20000/,3.0,1,20250823084806_20250823084418_VXSE5k_1.json,Earthquake and Seismic Intensity Information,Southern Tokushima Prefecture
20250822170813,20250822170549,2025-08-22T17:08:00+09:00,震源・震度情報,発表,1,2025-08-22T17:05:00+09:00,岐阜県飛騨地方,430,+36.1+137.4-10000/,3.0,1,20250822170813_20250822170549_VXSE5k_1.json,Earthquake and Seismic Intensity Information,"Hida, Gifu Prefecture"
20250822114627,20250822111612,2025-08-22T11:46:00+09:00,遠地地震に関する情報,発表,1,2025-08-22T11:16:00+09:00,南米中部,947,-60.2-061.8/,7.5,,20250822114627_20250822111612_VXSE5e_1.json,Distant Earthquake Information,Central South America
20250822100939,20250822100740,2025-08-22T10:09:00+09:00,震源・震度情報,発表,1,2025-08-22T10:07:00+09:00,京都府南部,511,+35.1+135.6-10000/,2.6,1,20250822100939_20250822100740_VXSE5k_1.json,Earthquake and Seismic Intensity Information,Southern Kyoto Prefecture
20250822100014,20250822095752,2025-08-22T10:00:00+09:00,震源・震度情報,発表,1,2025-08-22T09:57:00+09:00,石川県能登地方,390,+37.2+136.8-10000/,2.3,1,20250822100014_20250822095752_VXSE5k_1.json,Earthquake and Seismic Intensity Information,"Noto, Ishikawa Prefecture"
20250822094156,20250822093830,2025-08-22T09:41:00+09:00,震源・震度情報,発表,1,2025-08-22T09:38:00+09:00,トカラ列島近海,798,+29.4+129.4-30000/,2.2,1,20250822094156_20250822093830_VXSE5k_1.json,Earthquake and Seismic Intensity Information,Adjacent Sea of Tokara Islands
20250822080927,20250822080620,2025-08-22T08:09:00+09:00,震源・震度情報,発表,1,2025-08-22T08:06:00+09:00,宮城県沖,287,+38.7+142.3-40000/,4.3,2,20250822080927_20250822080620_VXSE5k_1.json,Earthquake and Seismic Intensity Information,Off the Coast of Miyagi Prefecture
20250822074020,20250822073450,2025-08-22T07:40:00+09:00,震源・震度情報,発表,1,2025-08-22T07:34:00+09:00,宮城県沖,287,+38.7+142.2-40000/,5.4,3,20250822074020_20250822073450_VXSE5k_1.json,Earthquake and Seismic Intensity Information,Off the Coast of Miyagi Prefecture
20250822073737,20250822073450,2025-08-22T07:37:00+09:00,震源に関する情報,発表,0,2025-08-22T07:34:00+09:00,宮城県沖,287,+38.7+142.2-40000/,5.4,,20250822073737_20250822073450_VXSE52_0.json,Earthquake Information,Off the Coast of Miyagi Prefecture
20250822073621,20250822073450,2025-08-22T07:36:00+09:00,震度速報,発表,0,2025-08-22T07:34:00+09:00,,,,,3,20250822073621_20250822073450_VXSE51_0.json,Seismic Intensity Information,
20250822013255,20250822013006,2025-08-22T01:32:00+09:00,震源・震度情報,発表,1,2025-08-22T01:30:00+09:00,京都府南部,511,+35.0+135.6-10000/,3.4,2,20250822013255_20250822013006_VXSE5k_1.json,Earthquake and Seismic Intensity Information,Southern Kyoto Prefecture
20250822002112,20250822001844,2025-08-22T00:21:00+09:00,震源・震度情報,発表,1,2025-08-22T00:18:00+09:00,トカラ列島近海,798,+29.3+129.4-20000/,3.0,1,20250822002112_20250822001844_VXSE5k_1.json,Earthquake and Seismic Intensity Information,Adjacent Sea of Tokara Islands
20250821183039,20250821182756,2025-08-21T18:30:00+09:00,震源・震度情報,発表,1,2025-08-21T18:27:00+09:00,石川県能登地方,390,+37.3+136.9-10000/,2.8,1,20250821183039_20250821182756_VXSE5k_1.json,Earthquake and Seismic Intensity Information,"Noto, Ishikawa Prefecture"
20250821170105,20250821165818,2025-08-21T17:01:00+09:00,震源・震度情報,発表,1,2025-08-21T16:58:00+09:00,上川地方北部,125,+44.4+142.4+0/,3.5,2,20250821170105_20250821165818_VXSE5k_1.json,Earthquake and Seismic Intensity Information,"Northern Kamikawa Region, Hokkaido"
20250821151259,20250821150843,2025-08-21T15:12:00+09:00,震源・震度情報,発表,1,2025-08-21T15:08:00+09:00,トカラ列島近海,798,+29.6+129.7-10000/,2.0,1,20250821151259_20250821150843_VXSE5k_1.json,Earthquake and Seismic Intensity Information,Adjacent Sea of Tokara Islands
20250821122424,20250821122129,2025-08-21T12:24:00+09:00,震源・震度情報,発表,1,2025-08-21T12:21:00+09:00,石川県能登地方,390,+37.2+136.9-10000/,2.1,1,20250821122424_20250821122129_VXSE5k_1.json,Earthquake and Seismic Intensity Information,"Noto, Ishikawa Prefecture"
20250821105338,20250821105044,2025-08-21T10:53:00+09:00,震源・震度情報,発表,1,2025-08-21T10:50:00+09:00,岩手県沖,286,+39.8+142.2-30000/,2.9,1,20250821105338_20250821105044_VXSE5k_1.json,Earthquake and Seismic Intensity Information,Off the Coast of Iwate Prefecture
20250821104748,20250821104403,2025-08-21T10:47:00+09:00,震源・震度情報,発表,1,2025-08-21T10:44:00+09:00,新島・神津島近海,483,+34.5+139.4-20000/,4.7,3,20250821104748_20250821104403_VXSE5k_1.json,Earthquake and Seismic Intensity Information,"Adjacent Sea of Niijima Island, Kozushima Island"
20250821104649,20250821104403,2025-08-21T10:46:00+09:00,震源に関する情報,発表,0,2025-08-21T10:44:00+09:00,新島・神津島近海,483,+34.5+139.4-20000/,4.7,,20250821104649_20250821104403_VXSE52_0.json,Earthquake Information,"Adjacent Sea of Niijima Island, Kozushima Island"
20250821104547,20250821104403,2025-08-21T10:45:00+09:00,震度速報,発表,0,2025-08-21T10:44:00+09:00,,,,,3,20250821104547_20250821104403_VXSE51_0.json,Seismic Intensity Information,
20250821062950,20250821062517,2025-08-21T06:29:00+09:00,震源・震度情報,発表,1,2025-08-21T06:25:00+09:00,北海道東方沖,188,+43.6+147.4-30000/,4.3,1,20250821062950_20250821062517_VXSE5k_1.json,Earthquake and Seismic Intensity Information,Off the east Coast of Hokkaido
20250820204035,20250820203923,2025-08-20T20:40:00+09:00,震源・震度情報,発表,1,2025-08-20T20:37:00+09:00,網走地方,140,+44.0+145.0-10000/,2.5,1,20250820204035_20250820203923_VXSE5k_1.json,Earthquake and Seismic Intensity Information,"Abashiri Region, Hokkaido"
20250820172922,20250820172658,2025-08-20T17:29:00+09:00,震源・震度情報,発表,1,2025-08-20T17:26:00+09:00,栃木県南部,311,+36.6+139.6-10000/,3.2,1,20250820172922_20250820172658_VXSE5k_1.json,Earthquake and Seismic Intensity Information,Southern Tochigi Prefecture
20250820102633,20250820102348,2025-08-20T10:26:00+09:00,震源・震度情報,発表,1,2025-08-20T10:23:00+09:00,長野県中部,421,+36.0+138.1-10000/,3.3,1,20250820102633_20250820102348_VXSE5k_1.json,Earthquake and Seismic Intensity Information,Central Nagano Prefecture
